acc,edit,f1s@0.1,f1s@0.25,f1s@0.5
67.77910889493273,69.42280717151726,73.40884765034806,68.91161653665725,55.6523498384917
