acc,edit,f1s@0.1,f1s@0.25,f1s@0.5
82.77694427011451,78.26892020260442,85.65490029216687,84.128596930692,76.02843816147227
