acc,edit,f1s@0.1,f1s@0.25,f1s@0.5
78.07925516045566,84.92426049367116,90.5833625313753,89.23865967903886,79.05348792898167
